source,date,username,content,url,engagement,sentiment,category1,category2,category3
youtube,2025-01-25T04:03:39Z,@mithunmitz9646,Jokes apart... The scooter looks nice.. A much more friendly one with the Ather DNA... That's kinda cool.. üî•üî•üî•,https://www.youtube.com/watch?v=hIbrynqcwQ8,0,,Other,Other,
youtube,2024-12-03T20:04:36Z,@maheshchandrar8448,"Owning an Ather Rizta is not completely owning it if you have to keep paying for its softwares even after 3 years, even if its a 1000 rs , then of what worth is buying an electric scooter , if we are paying such huge price upfront and we don't know the performance of these batteries and the service charges if they are gonna prove costly....buying something means complete ownership from day 1 and not like a subscription on netflix",https://www.youtube.com/watch?v=hIbrynqcwQ8,1,,Product,Battery & Range,charge
youtube,2024-11-20T18:03:23Z,@saranb5443,"Don't buy..I am getting 60km range for base model in eco mode,What a waste.When escalated l,Ather custom care is saying to achieve the claimed range we have to use it for a complete day..what a mess..I am sure most of us will not drive 100km per day",https://www.youtube.com/watch?v=hIbrynqcwQ8,1,,Product,Battery & Range,range
youtube,2024-10-09T08:39:00Z,@nikhilpulsarmania,I was supposed to buy ola s1 pro but after watching various issues with it now better to go with ritza,https://www.youtube.com/watch?v=hIbrynqcwQ8,5,,Other,Other,
youtube,2024-09-24T11:49:13Z,@nitishjoshi_,Ather can hire the host as their next product ambassador if it is a retro style scooter,https://www.youtube.com/watch?v=hIbrynqcwQ8,0,,Other,Other,
youtube,2024-09-23T05:21:47Z,@gopkrish95,is your rizta havind daily discharge ? am facing 2km discharge every day.. even i charge 100% previous night.. mrng it is in 123km... even in shutdown.. when i come back and take the bike immediatly after half a km.. there is 2 km discharge... if i take bike after 3 days.. 6 km range loss it there... is it common ?,https://www.youtube.com/watch?v=hIbrynqcwQ8,0,,Product,Battery & Range,range
youtube,2024-09-22T04:19:59Z,@YUGANTPARIHAR-c2m,Don‚Äôt buy Rizta‚Ä¶,https://www.youtube.com/watch?v=hIbrynqcwQ8,0,,Other,Other,
youtube,2024-09-21T20:35:09Z,@hydnaddy,"Thank you for the detailed review bro. I'm perplexed to buy Ather because paying for pro is something I'm not convinced it's like we bought high-end mobile phone by paying hefty amount and to enjoy basic features like Bluetooth, Wifi, Music Control we need to pay extra in the form of pro pack. After spending hours of research I think the validity of pro pack is 3 years and then not sure how much is the subscription charges afterwards. Kindly advise on the pro pack validity and charges afterwards. Please?",https://www.youtube.com/watch?v=hIbrynqcwQ8,0,,Product,Battery & Range,charge
youtube,2024-09-11T04:39:04Z,@SumitPatilharshu,Don't purchase any ather product parts are not available in showroom,https://www.youtube.com/watch?v=hIbrynqcwQ8,0,,Other,Other,
youtube,2024-09-10T07:45:16Z,@mohdard,Guyz.. Guyzzz... this is Ather Rizta review.. not the presenterü§£ü§£,https://www.youtube.com/watch?v=hIbrynqcwQ8,1,,Other,Other,
youtube,2024-09-05T04:19:27Z,@YUGANTPARIHAR-c2m,Mera ather rizta 10 din mai hi khrab ho gayaüò¢ or service centre n usko or khrab kr diya,https://www.youtube.com/watch?v=hIbrynqcwQ8,0,,Other,Other,
youtube,2024-05-31T12:59:20Z,@agentnoobz5588,"iqube has really messed up i personally own an iqube and using it for past 1year,Like most EV scooters the iqube comes with an app that has various features like geofencing,live location,etc. But recently iqube has stopped giving this features and have restored to paywalling this features which is unprecedented considering iqube is the only company doing this(Hope this is not a new normal) I now have to pay 990rs per annum to access this features what SUCKS the MOST is that i cant even see charging status or range on the app so basically the iqube without paying for the app is like any other scooter with no tech integration and i have to manually check the charging status by turning on the vehicle.
This comes at a time when rista with its superior ather software is giving a competition in the market. Mind you that unlike ola and ather which have an e sim and can show live maps,Iqube has no such feature and needs to be connected to bluetooth only to give basic turn directions and not a view of the map.
I would not recommend iqube when there is a better option like rista",https://www.youtube.com/watch?v=hIbrynqcwQ8,0,,Product,Battery & Range,range
youtube,2024-05-30T10:50:04Z,@ratul1711,The electric auto is better than Rizta and 450 series...,https://www.youtube.com/watch?v=hIbrynqcwQ8,0,,Other,Other,
youtube,2024-05-29T17:42:34Z,@KKVinayKumar,Yeh Rizta Kya Kehlata Hai.,https://www.youtube.com/watch?v=hIbrynqcwQ8,1,,Other,Other,
youtube,2024-05-29T15:54:03Z,@rohitnate1,What's the tilt angle of Rizta compared to 450?,https://www.youtube.com/watch?v=hIbrynqcwQ8,0,,Other,Other,
youtube,2024-05-27T07:11:29Z,@autocarindia1,"To know more about the Ather Rizta, click here - https://www.autocarindia.com/bikes/ather/rizta",https://www.youtube.com/watch?v=hIbrynqcwQ8,1,,Other,Other,
youtube,2024-05-27T05:40:16Z,@silent_assassin_007,"Looks completely different from TVS iQube! 
Good Job Ather!",https://www.youtube.com/watch?v=hIbrynqcwQ8,0,,Other,Other,
youtube,2024-05-25T06:25:54Z,@RabbilChoudhary,Good presentation and a really nice offering from ather! Although i wish it looked a bit more different. Looks too similar to iqube.,https://www.youtube.com/watch?v=hIbrynqcwQ8,0,,Other,Other,
youtube,2024-05-25T03:39:22Z,@mazran01,why cant ather make good looking scooters?,https://www.youtube.com/watch?v=hIbrynqcwQ8,2,,Other,Other,
youtube,2024-05-25T03:25:32Z,@ramakotaiahk7075,It's another Chetak of 90s in India. It's very practical and suttle is composed family scooter. Well done Ather,https://www.youtube.com/watch?v=hIbrynqcwQ8,0,,Other,Other,
youtube,2024-05-24T19:20:27Z,@sunandep4103,Ather never cant get the rear design right in my eyes,https://www.youtube.com/watch?v=hIbrynqcwQ8,2,,Other,Other,
youtube,2024-05-24T11:55:19Z,@ishangupta7731,"Why everyone is justifying this scooter given its pricing. This scooter had non touch low resolution screen then ather 450x. The features they advertise will 20k extra. 

They are saying that touch screen is removed because old people wouldn't use it. But the fact is the scooter will be use by everyone in family.

Toh mai apne alag ather 45x lu chalane ko and apne father ke liye alag se ather rizta",https://www.youtube.com/watch?v=hIbrynqcwQ8,1,,Software,UI,screen
youtube,2024-05-24T05:50:57Z,@gamelover11869,"if anyone wants to buy ather, be careful about their service, too damn expensive, owner of ather 450x gen 3.",https://www.youtube.com/watch?v=hIbrynqcwQ8,2,,Value & Price,Price,expensive
youtube,2024-05-24T05:50:36Z,@Rastheraja,"Ola s1 pro gen 1 features that is not present in next gen Rizta
1. Top speed 120
2. Real life battery range 115kms
3. Reverse twist Regen braking with multiple mode selection
4. Multiple themes selection on dash screen
5. Largest free fast charging stations 
6. Ride sound selection
7. Speakers with music control
8. Solid app control features with useful ride log and rider behaviour stats
9. Funky looks, Rizta is for uncles 
10. Cheaper price!",https://www.youtube.com/watch?v=hIbrynqcwQ8,2,,Product,Battery & Range,battery
youtube,2024-05-24T05:25:12Z,@GarlicbreadmanOP,"I don't understand how these auto journalists feel it's OK for a company as big as ather to charge customers extra for features like the navigation and ""magic twist"". Ola offers them all included in the price and still costs less.",https://www.youtube.com/watch?v=hIbrynqcwQ8,22,,Product,Battery & Range,charge
youtube,2024-05-24T05:06:15Z,@ssivasmr,Battery is always a concern for PPL expecting long range.. IQube finally gave an option with its ST 5.1kw variant... Ather have to learn from TVS on that front..,https://www.youtube.com/watch?v=hIbrynqcwQ8,8,,Product,Battery & Range,battery
youtube,2024-05-24T05:06:01Z,@girishs1755,Next model  Ather 'Thalaak',https://www.youtube.com/watch?v=hIbrynqcwQ8,11,,Other,Other,
youtube,2024-05-24T05:05:45Z,@anandshah019,Which one is better Ather Rizta or River Indie? Please compare the two. Thanks. üòä,https://www.youtube.com/watch?v=hIbrynqcwQ8,16,,Other,Other,
youtube,2024-05-24T04:37:55Z,@Rastheraja,Not half as good as Ola s1 pro gen1. What a miss from Ather!,https://www.youtube.com/watch?v=hIbrynqcwQ8,1,,Other,Other,
youtube,2024-05-24T04:33:17Z,@rocketTwice,"Iqube be like - muje yeh ""rizta"" manzoor nahi.",https://www.youtube.com/watch?v=hIbrynqcwQ8,2,,Other,Other,
youtube,2025-09-14T08:39:38Z,@Md.wajahat,As I own two EV S1 pro and Rizta Z so I  don‚Äôt agree with the first two points it has good suspensions and braking better then Ola and yeah better then most of the scooters,https://www.youtube.com/watch?v=unlMKlYcbhU,0,,Other,Other,
youtube,2025-09-11T02:31:15Z,@jain-wt2ou,"Don't expect a sports bike, you brought rizta na ?",https://www.youtube.com/watch?v=unlMKlYcbhU,0,,Other,Other,
youtube,2025-08-16T15:08:46Z,@pavithraalajangi1810,If anyone required ather ritza s model purchased on April 2025 contact,https://www.youtube.com/watch?v=unlMKlYcbhU,0,,Other,Other,
youtube,2025-07-23T05:40:27Z,@ArunKumar-w6t3d,Bahi mare pass Hai Ather Rizta Rang bhut kam hai Top speed par 60 tak ki Rang deti hai dek kar lena bahiüò¢,https://www.youtube.com/watch?v=unlMKlYcbhU,1,,Product,Performance & Power,speed
youtube,2025-06-08T04:30:08Z,@piyusharora3476,When hutiya becomes youtuber pta kuch h nhi gaadi ke bare me video bnado pr. Stiff suspension se kya issue aya h aaj tk seriously btana?? Bx same cheej hgness 350 ke kiye bole the sb stiff h bhoot bxxk me 400 km bina ruke drive kia tha use. Stiff suspension make highway ride comfortable. And brakes ather ke jabardast h bx tere scooter ke pads khtm hoge jake check kra,https://www.youtube.com/watch?v=unlMKlYcbhU,0,,Other,Other,
youtube,2025-04-14T20:50:45Z,@kunaldhawan6145,"I recently bought Rizta S without pro pack and battery drop overnight or when ideal is huge. I'm not getting range of more than 65 in normal mode. I'm riding very decent, almost like eco mode",https://www.youtube.com/watch?v=unlMKlYcbhU,2,,Product,Battery & Range,battery
youtube,2025-03-01T21:46:46Z,@globalentertainment3169,"I bought the Ritza in January 2025, and now I regret my decision.  

**Issues:**  
- The seat hinge is very weak and does not justify the scooter's cost.  
- The suspension is extremely stiff, making rides uncomfortable, especially on bad roads.  
- When riding uphill, the speed naturally decreases, but it does not recover even on flat terrain. The scooter remains slow until it is restarted.  
- The software has several lags. In Smart Echo mode, the speed sometimes exceeds 60 km/h, while at other times, it struggles to go beyond 30 km/h.  
- In Zip mode, the scooter occasionally fails to cross 40 km/h.  
- The dashboard does not display an accurate speed reading. The speed sometimes drops or increases suddenly without any real change in the scooter‚Äôs movement.  
- The key knob feels like a cheap toy‚Äîflimsy and overly loose.  
- The joystick is not very responsive; you have to press multiple times to open the menu.  
- Bluetooth does not stay off. Even after turning it off, it automatically turns on every time the scooter is restarted.  
- The seat does not close properly and remains loose. While riding, it makes a constant rattling (""gud gud"") noise on the road.  

I deeply regret buying this scooter. Please do not make the same mistake.",https://www.youtube.com/watch?v=unlMKlYcbhU,6,,Product,Performance & Power,speed
youtube,2025-02-23T16:56:18Z,@aniketmaurya4875,Sabre bada issue aap hn kyu ki ye issues koi bade issues nhi hnüòÖ service ather ki top notch h jbse liya h best h,https://www.youtube.com/watch?v=unlMKlYcbhU,0,,Other,Other,
youtube,2025-02-11T17:51:17Z,@arunpatro6028,Still  I'll go for Ather  and a big Nooo to Ola,https://www.youtube.com/watch?v=unlMKlYcbhU,0,,Other,Other,
youtube,2025-01-03T20:08:04Z,@Abhay_1408,Bro I also own rizta z model and breaks are amazing but my vehicle is not giving me full mileage like 100% charge pe sirf 75-80 km hi reach kr paa raha hu so can anyone help me with this,https://www.youtube.com/watch?v=unlMKlYcbhU,0,,Product,Battery & Range,charge
youtube,2024-12-24T13:33:23Z,@MuhammadAltafissubuddin,Never felt these all issues owning ritza,https://www.youtube.com/watch?v=unlMKlYcbhU,0,,Other,Other,
youtube,2024-12-21T10:18:34Z,@NaddyVNB,"* Are features under Ride Assist lifetime? While I know it's 3 years for Ather Connect.
* Can I use 700W charger for 2.9 variant and what will be the full charging hours? because 8.5 hours is too much in normal charger

Please advise. I'm genuinely planning to buy it but need above clarification from expert",https://www.youtube.com/watch?v=unlMKlYcbhU,0,,Product,Battery & Range,charging
youtube,2024-12-19T18:16:21Z,@sndpn4u,I am a rizta user. First 2 points are really a big issue. But you will get used to braking with time. And software bugs are now hard to find after 2 ota updates. After all I still recommend Ather Rizta.,https://www.youtube.com/watch?v=unlMKlYcbhU,25,,Software,Connectivity,ota
youtube,2024-12-14T05:50:08Z,@yogeshshinde_developer,"""I had a very bad experience with Rizta. In just 4 months of use, I have driven around 1500 km, and within this short period, I had to replace the brake pads twice. This cost me approximately ‚Çπ1800 each time. The maintenance is excessively high, and I am extremely disappointed with the overall quality and durability.""",https://www.youtube.com/watch?v=unlMKlYcbhU,14,,Product,Build Quality,quality
youtube,2024-11-18T18:05:36Z,@sandip0104,"I took a test drive last week and rode my friend's Rizta briefly as well. Don't agree with the first two points, but yes the interface on the dashboard is kinda laggy. I think either there is a low Ram or the processor is kinda average.",https://www.youtube.com/watch?v=unlMKlYcbhU,27,,Software,UI,dashboard
youtube,2024-11-18T17:17:05Z,@praveen5699,"I see many many ather on traffic. But unfortunately i dint see not a single rizta from 5 months on the road. Is it hit or flop? I want to buy but i dont see any rizta on the road, so i am confused to buy or not",https://www.youtube.com/watch?v=unlMKlYcbhU,4,,Other,Other,
youtube,2024-10-11T17:26:52Z,@sankisunny,Suspension rizta ka stiff abe sahi say chalayi nhi hai kya mere paas uska suspension jupiter say ache hai phir Olaa kay to hai hi nhii... Tumne air pressure nhi check kiya hoga zyada hoga... Perfect scooty hai rizta... 1 mahine say araam say chala raha hu... Usey achi koi hai nhii,https://www.youtube.com/watch?v=unlMKlYcbhU,1,,Other,Other,
youtube,2024-10-04T11:49:34Z,@tny4267,Ather 450x lo suspension baagunda ? Meer Peru yenti ?,https://www.youtube.com/watch?v=unlMKlYcbhU,0,,Other,Other,
youtube,2024-10-01T10:26:10Z,@gowthamgudipudi654,"I own this vehicle. Breaks are amazing. 
Few days back I was driving at 65kmph, a guy came in middle of the road. Literally these breaks saved me from the accident. If I was driving any other scooty I am pretty sure it would be worse. I feel very confident riding rizta. Don‚Äôt blindly believe these reviews. Go the showroom , do a test and then decide it by yourself.",https://www.youtube.com/watch?v=unlMKlYcbhU,289,,Other,Other,
youtube,2024-09-10T11:11:06Z,@adityamanna1574,Range is also an issue I got only 70km only with 2.9 kw rizta,https://www.youtube.com/watch?v=unlMKlYcbhU,3,,Product,Battery & Range,range
youtube,2024-09-09T15:03:04Z,@CuriousSamurai-c5d,"1 issue with ather 
The ather itself üò¢

Once a king now gone , ola is far better",https://www.youtube.com/watch?v=unlMKlYcbhU,0,,Other,Other,
youtube,2024-09-09T07:06:28Z,@maanooj,Please make comparison video of ritza and indie river,https://www.youtube.com/watch?v=unlMKlYcbhU,3,,Other,Other,
youtube,2025-06-19T18:32:36Z,@Karthikeyan-ux9yp,Waste ather 450x,https://www.youtube.com/watch?v=LLtuGFIKJlM,0,,Other,Other,
youtube,2025-05-21T15:34:45Z,@ShamnaSadh,Only rizta 90 km per charge,https://www.youtube.com/watch?v=LLtuGFIKJlM,0,,Product,Battery & Range,charge
youtube,2025-02-26T16:47:47Z,@ab-mq1zj,"Fake, i am customer of ather S range is  70-75, total bluff ,false123,120,115 üëé if you not use battery,puch by hand its range will be 1000+üòÇ",https://www.youtube.com/watch?v=LLtuGFIKJlM,5,,Product,Battery & Range,battery
youtube,2025-01-06T07:18:36Z,@Waseempoetry781,Rizta s 136000 ki padi kashmir mei on road,https://www.youtube.com/watch?v=LLtuGFIKJlM,3,,Other,Other,
youtube,2024-09-01T06:39:23Z,@GreeenRide,"Thank you for watching the video.. Watch more exciting content here: 

Chetak 2901 Full review: https://youtu.be/FvPy_KFq7P4
Save 1 lakh with Ather: https://youtu.be/vklXlBolDGY",https://www.youtube.com/watch?v=f99UwfL20Ps,9,,Other,Other,
youtube,2025-06-19T06:17:11Z,@sanathkumar4804,Dnt rake ather scooter. Service is very bad. I take ather rista from kottayam kerala showroom. I buy this scooter 6 months ago. After 4 month my charger was complint and surrender it on service center.surrender charger on april 30 2025 now its june 19.53 days my scooter is unused. They dnt give me a spare charger or replaced charger. 2 lack rs give to take that new scooter and service is like this. Dnt take this scooter until improve there service,https://www.youtube.com/watch?v=f99UwfL20Ps,1,,Product,Battery & Range,charge
youtube,2025-03-04T02:39:50Z,@srinivasshettigar1953,I'd Prefer RiverIndie to Ather Rizta For Various Good Features and Performances.,https://www.youtube.com/watch?v=f99UwfL20Ps,0,,Other,Other,
youtube,2025-02-25T20:19:36Z,@gambet0007,"I have test driven this, if not suspension issue this is the best scooter to buy, but due to suspension and proximity of service centers I had to opt for Icube. Ather is no .1 in this space, though I do not agree with everything this youtubre is saying, he is not misleading.",https://www.youtube.com/watch?v=f99UwfL20Ps,0,,Other,Other,
youtube,2025-02-05T07:51:58Z,@sarthakraj_308,I bought a new Rizta Z 2.9 even after charging it till 100% it shows 100 km in smart eco mode. is it okay or I should consult the support team?,https://www.youtube.com/watch?v=f99UwfL20Ps,0,,Product,Battery & Range,charging
youtube,2025-01-05T20:43:19Z,@mohammedarif3604,Which is good EV scooter. Rizta Z or Ampere Nexus @Greeenride,https://www.youtube.com/watch?v=f99UwfL20Ps,0,,Other,Other,
youtube,2024-12-24T16:54:26Z,@ansrikri,What is the process to exchange an old ather model to a new one? No one seems to be talking about it.. can you help share some insights?,https://www.youtube.com/watch?v=f99UwfL20Ps,2,,Other,Other,
youtube,2024-12-23T08:24:24Z,@Vivek-ft5pd,"Bro I bought on 19th December 2024 , rizta Z 3.7 , can you tell me how Time it will take to activate pro pack?.",https://www.youtube.com/watch?v=f99UwfL20Ps,0,,Other,Other,
youtube,2024-12-23T03:02:02Z,@arjungiri293,Which one do u prefer buying ather rizta river indie simple one or chetak 35 series,https://www.youtube.com/watch?v=f99UwfL20Ps,4,,Other,Other,
youtube,2024-12-21T10:19:02Z,@NaddyVNB,"* Are features under Ride Assist lifetime? While I know it's 3 years for Ather Connect.
* Can I use 700W charger for 2.9 variant and what will be the full charging hours? because 8.5 hours is too much in normal charger

Please advise. I'm genuinely planning to buy it but need above clarification from expert. Appreciate your response üòä",https://www.youtube.com/watch?v=f99UwfL20Ps,0,,Product,Battery & Range,charging
youtube,2024-12-19T07:36:48Z,@pritpalsingh5392,"Sir, I test drove a Rizta, it makes a lot of noise - howl - during acceleration and while cruising. Is it ok, I find it disturbing.
Your analysis?",https://www.youtube.com/watch?v=f99UwfL20Ps,6,,Product,Performance & Power,acceleration
youtube,2024-11-28T15:15:35Z,@souravgupta3145,"Bro, which rizta model you consider for this review?",https://www.youtube.com/watch?v=f99UwfL20Ps,0,,Other,Other,
youtube,2024-10-23T14:16:37Z,@ashwinichitreddy7165,"Covered very minute details too.üëè I have seen many videos on Ather Ritza, no one gave this many details. I dont think even Ather representative is aware if this much üòÅ",https://www.youtube.com/watch?v=f99UwfL20Ps,22,,Other,Other,
youtube,2024-09-26T13:56:38Z,@devashish11,"I bought Rizta on Janmashtami.
Riding, leg room, big seat & big boot are good but few cons are their handle suspension problem, Ather dashboard after updation we can't add documents, accessories are very expensive, no centre stand which is required when you stay at congested place. 

Ride is smooth & perfect family scooter.

As you said touch screen is biggest draw back..",https://www.youtube.com/watch?v=f99UwfL20Ps,12,,Software,UI,screen
youtube,2024-09-13T06:35:48Z,@manojr465,Athar Ritza is super.,https://www.youtube.com/watch?v=f99UwfL20Ps,0,,Other,Other,
youtube,2024-09-06T16:47:01Z,@rahulchougule0,"I have purchased ather rizta 1 week ago, since purchase this scooter takes load while climbing hills on eco mode, speed drops drastically while climbing hills.",https://www.youtube.com/watch?v=f99UwfL20Ps,24,,Product,Performance & Power,speed
youtube,2024-09-03T20:40:29Z,@kedarbhagwat1336,Hello..plz explain why my rizta drop power in eco mode.. sometimes it runs very goood feels like i am driving in zip mode..but sometimes it feels very very slow...with pillion scooter not going above 30 speed with full acceleration...why this is going to happen..? Plz explain..,https://www.youtube.com/watch?v=f99UwfL20Ps,0,,Product,Performance & Power,acceleration
youtube,2024-09-01T17:28:22Z,@dnarayan740,Bhubaneswar main 5 Ather grid charger band hai. Pehle 1 band hua phir 2 hua or yeh no badta hi ja raha hai.,https://www.youtube.com/watch?v=f99UwfL20Ps,0,,Product,Battery & Range,charge
youtube,2024-09-01T16:19:15Z,@thomasmaxwel6333,"Thanks for ur inputs......I recently bought the Ather Rizta Z and found that the brakes were not responsive as compared to the Activa is used to own. The Reverse button also feels very flimsy as the quality can be improved. Yes, I bought the wall mount for the fast charger and they charged me about Rs.2700/- if I recollect it right...yes just about that. I also bout the Rizta bodygaurd for Rs.3500/- which is needed on indian roadsüòÑüòÅ",https://www.youtube.com/watch?v=f99UwfL20Ps,8,,Product,Battery & Range,charge
youtube,2024-09-01T15:30:34Z,@bkvinayak2523,Hey I was planning to buy rizta z with 2.9 kwh battery as my daily drive is around 50 km is it best or is it best to pay another 25k for 3.7 kwh,https://www.youtube.com/watch?v=f99UwfL20Ps,5,,Product,Battery & Range,battery
youtube,2024-09-01T13:59:58Z,@priyank5939,Bro I visited experience centre in rohini today and they are quoting the price of 1.65lakhs for rizta 2.9 and they are saying that road tax in delhi is increased by 10k pta nhi kya kr rahe hai mai tho paise leke gya tha.,https://www.youtube.com/watch?v=f99UwfL20Ps,1,,Value & Price,Price,price
youtube,2024-09-01T11:45:12Z,@abhilashsahastrym1834,"Bro you forgot to mention about its poor front suspension , I‚Äôve been riding the Ather Rizta for a month now and have clocked 2000 km on it.

The front suspension on the Rizta is seriously underwhelming. It struggles to handle even the smallest bumps and cracks on the road. Every time I hit a pothole or uneven patch, the suspension doesn‚Äôt absorb the impact well, causing the handlebars to vibrate like crazy. It‚Äôs not just annoying‚Äîit‚Äôs uncomfortable, especially on longer rides.

If you‚Äôre considering the Ather Rizta, keep in mind that the suspension might not live up to your expectations, especially if you‚Äôre riding on roads that aren‚Äôt perfectly smooth.",https://www.youtube.com/watch?v=f99UwfL20Ps,4,,Other,Other,
youtube,2024-09-01T11:39:54Z,@mayanknigam7422,"I have Rizta 2.9KW, Everything works great and app is great. One issue that I'm facing is boot unlocking. If you pushed it harder or something like that then it doesn't open at one go. You have push the seat at back a little and then it will open.",https://www.youtube.com/watch?v=f99UwfL20Ps,2,,Software,Connectivity,app
youtube,2024-09-01T09:07:37Z,@rohitsonone6497,"I am confused between Rizta S and Rizta Z, what makes more sense to buy",https://www.youtube.com/watch?v=f99UwfL20Ps,6,,Other,Other,
youtube,2024-09-01T07:15:14Z,@sauravnath83,"Krishna Bro i understand you love Ather even i do still its expensive and the spare parts and service is also expensive.Heard about subscription plans which is returning that would solve the problem. 
Still i would say Ather is better compared to others",https://www.youtube.com/watch?v=f99UwfL20Ps,19,,Value & Price,Price,expensive
youtube,2024-09-01T07:03:00Z,@st-yn9vh,"Smart eco is mostly a dumb eco mode it creates confusion while riding and sometimes while going upward on flyover it just loose power specially with pillion. Rest it works fine. 
Rizta should have dark mode in the screen as in night it becomes very irritating. Continues light on riders face.
I dont understand the 3k price difference for pro pack  in 2.9 and 3.7 version. They are charging 3k extra in 3.7 rizta for same set of features. In 2.9 pro pack cost 17k but in 3.7 it cost 20k",https://www.youtube.com/watch?v=f99UwfL20Ps,17,,Product,Battery & Range,charging
youtube,2024-09-01T06:52:22Z,@sambhavjain5544,"If anyone could please suggest me, I am confused between buying the Bajaj Chetak and the Ather Rizta from a long time. Both the vehicles are great, but their pros and cons confuse me.",https://www.youtube.com/watch?v=f99UwfL20Ps,20,,Other,Other,
youtube,2025-01-29T17:30:08Z,@parvezkaladiya1421,Ather is still not giving good range compared to ola,https://www.youtube.com/watch?v=Zjkpvj1QR3s,0,,Product,Battery & Range,range
youtube,2024-08-27T02:40:28Z,@surajbikkad850,Loot rha hun ether ‚Ä¶bakwassss copy cat ather,https://www.youtube.com/watch?v=Zjkpvj1QR3s,0,,Other,Other,
youtube,2024-08-18T00:51:13Z,@vishaljoshi4776,"One simple Question, Is it a Paid review or Genuine review.
Who provided you Ather Rizta to try ?

About the features it's available in Website clearly.
Give us the features of Technical things like which motor, battery pack, Sensors used, what kind of Belt system Is used, Battery management working etc etc.
Now a days all make video on scooter spec and convey as features üòÇüòÇ",https://www.youtube.com/watch?v=Zjkpvj1QR3s,0,,Product,Battery & Range,battery
youtube,2024-07-30T09:18:03Z,@parasrastogi6404,Plszzz don't buy ather after 8 mo th battery daid,https://www.youtube.com/watch?v=Zjkpvj1QR3s,0,,Product,Battery & Range,battery
youtube,2024-07-28T10:51:32Z,@sakshit636,Hello bro agar mai ise lwta hu to ather ka sore 88 kilometer hai mere garh se to mai service karvane ke liya kya karuga kua muze service karna ke liya ya thik karana ke liya bhi ambala jana hoga punjab ke samana se,https://www.youtube.com/watch?v=Zjkpvj1QR3s,1,,Other,Other,
youtube,2024-07-24T16:06:42Z,@lodhibrothers7181,Gaadi real me bahut mast lagti hai but prise ko 15000 tak kam karna chaiye ather ko,https://www.youtube.com/watch?v=Zjkpvj1QR3s,3,,Other,Other,
youtube,2024-07-07T04:18:17Z,@cutipiefamily027,Abe kya kamaal bay yaha Ather bhaag gayi Chandigarh se tum keh rahe ho kamaal ka kaam kiya hai,https://www.youtube.com/watch?v=Zjkpvj1QR3s,0,,Other,Other,
youtube,2024-06-20T16:27:37Z,@UIRE_DRIVE,"Ather is simply hyping things like magic twist and large boot space 
Ola is already giving it from year's üòÇ",https://www.youtube.com/watch?v=Zjkpvj1QR3s,206,,Other,Other,
youtube,2024-06-20T06:25:11Z,@sachinksingh74,"Tack pack ke naam per loot raha hai Ather 
Top variant me tack pack inbuilt hona chahiye",https://www.youtube.com/watch?v=Zjkpvj1QR3s,56,,Other,Other,
youtube,2025-01-04T02:04:56Z,@motorinc,"*Chapters*
00:00 Family Scooters Are Dull
01:18 Scooter Roundup
02:18 Design and Space
04:27 Comfort
04:55 Performance & Range
07:45 Charging
08:37 Living With It
10:31 Which Rizta to Buy
11:18 Rivals
12:37 Conclusion

*Download the new MotorInc app* at https://www.motorinc.com

*UPDATE*
Ather has clarified that Pro Pack pricing is now visible on their website. Options start at ‚Çπ2500 for 3 years, and go down to ‚Çπ450 for 3 months, purchaseable from within the Ather app.",https://www.youtube.com/watch?v=NrNSgmxT3Jw,22,,Product,Battery & Range,range
youtube,2025-09-21T19:32:24Z,@PKSGalaxy,"River Indie is the TVS Jupiter of Petrol with Bajaj Avenger like comfort !!! Pot hole roads need 14 inch wheels for sure. Indie no 1, Rizta no 2 for family scooter buyers. For Sporty folks, Simple One is the Boss !!!",https://www.youtube.com/watch?v=NrNSgmxT3Jw,1,,Other,Other,
youtube,2025-09-16T16:16:57Z,@ashfaqshah13,"Sir please tell me should I wait for tesseract or go for rizta or any other better option, or ice",https://www.youtube.com/watch?v=NrNSgmxT3Jw,0,,Other,Other,
youtube,2025-09-16T15:27:21Z,@ololo940,Buy rizta SHR model which cheaper than z but hav 3.7 kw battery,https://www.youtube.com/watch?v=NrNSgmxT3Jw,0,,Product,Battery & Range,battery
youtube,2025-09-06T14:13:25Z,@shuvamoybag1681,Worst product of Ather. Range is same around 75km in both zip and smart eco. Range drop in first and last 20 km massively. For a 2W of 1.6 lakh money it is the worst product one can buy.,https://www.youtube.com/watch?v=NrNSgmxT3Jw,0,,Product,Battery & Range,range
youtube,2025-08-22T07:35:53Z,@aahaaarun,Finally shumi sold a rizta to me üòÇ,https://www.youtube.com/watch?v=NrNSgmxT3Jw,1,,Other,Other,
youtube,2025-08-08T17:37:19Z,@kmohankrishna39,Rizta s 2.7 vs ritza z 3.4 what's the difference,https://www.youtube.com/watch?v=NrNSgmxT3Jw,1,,Other,Other,
youtube,2025-08-08T17:32:51Z,@kmohankrishna39,Can you differentiate between ritza s  2.9 and ritza s 3.4,https://www.youtube.com/watch?v=NrNSgmxT3Jw,0,,Other,Other,
youtube,2025-08-07T18:39:33Z,@vigneswaranjagan4766,"Ather Rista S vs Hero vida Vx2 Plus, which one to buy?",https://www.youtube.com/watch?v=NrNSgmxT3Jw,0,,Other,Other,
youtube,2025-08-07T15:39:35Z,@Mittal_7,Ather allows you to change the mode only when you buy pro pack is absolutely nonsense thing,https://www.youtube.com/watch?v=NrNSgmxT3Jw,0,,Other,Other,
youtube,2025-07-25T02:57:15Z,@Thedemons91,"Planning to buy a ev family scooter for my dad who is above 60
Unable to decide between Ather Rizta and Tvs iqube please help.",https://www.youtube.com/watch?v=NrNSgmxT3Jw,0,,Other,Other,
youtube,2025-07-15T00:41:52Z,@johnjoseph2568,Hey mate!! The ather has launched a new variant in s the battery is 3.7 what is your thoughts on it? I‚Äôm confused between s 2.9 and s 3.7,https://www.youtube.com/watch?v=NrNSgmxT3Jw,0,,Product,Battery & Range,battery
youtube,2025-05-19T19:40:14Z,@GarudAtma,"Except for the river indie, there is no best utility scooter that stands near Jupiter 110. 

Rizta S variant with pro pack (without WhatsApp, fb calls notification, you can't store documents and without map navigation) with 8 years warranty on battery. 
they said that we will replace battery if its capacity goes below 70% but they will check it according their own norms which we don't know. 
The price is 138k. On-road Delhi. 
After applying all the discount offers. 

Jupiter 110 was 115k. including all accessories. 

By just paying 23k more, I still get an anxiety of 100 km range and 8 hours of charging time. And with every passing year, this range will decrease, and the charging time will increase. 
Not all have a safe space to charge their two-wheeler peacefully. 
No storage after putting the charger and helmet. 
The new battery cost is 70-80k. 

I run roughly 4k km per year, go to local service once a year, costs me around 700-800 rs. Time 1 hour. 
 50km/litre is the average mileage. 94 Rs/litre petrol price. 7520 rs of petrol per year. 
after 15 years = 113k rs. 

hmm, means to those who still are not going far enough, a petrol scooter is better.",https://www.youtube.com/watch?v=NrNSgmxT3Jw,0,,Product,Battery & Range,battery
youtube,2025-04-20T06:22:09Z,@myfavouritepolji7730,Please take review on ather belt issue after some time use noise karta hai,https://www.youtube.com/watch?v=NrNSgmxT3Jw,0,,Other,Other,
youtube,2025-04-15T11:36:24Z,@jaidevbejoy3541,How about the braking of Rizta which has disc+drum combo whereas Ather 450s have discs on both wheels.,https://www.youtube.com/watch?v=NrNSgmxT3Jw,0,,Other,Other,
youtube,2025-04-14T17:14:06Z,@yuvananda,"Superb well made vid. Rizta S is the ultimate vfm machine out there. Don't fall for the software gimmicks. All the stuff like the maps, WhatsApp music your phone can already do infinitely better. You can definitely live without magictwist, ride modes and such shenanigans. All the ice vehicles we've driven for decades had 1 mode and thats it. Don't be a marshmallow longing for features. 40-50k for features and slightly better range is madness. Only logical explanation is Ather's losing money on every S model and making up through Z models and pro packs. Get the Rizta S any day",https://www.youtube.com/watch?v=NrNSgmxT3Jw,2,,Product,Battery & Range,range
youtube,2025-03-26T14:32:30Z,@JayDhatrak-c5w,hey should i get rizta or 450x and what model in it of priority is riding on bad bumpy roads,https://www.youtube.com/watch?v=NrNSgmxT3Jw,0,,Other,Other,
youtube,2025-03-03T12:40:38Z,@srinivasshettigar1953,I'd Prefer River Indie To Ather Rizta . For Many Reasons as you Know.,https://www.youtube.com/watch?v=NrNSgmxT3Jw,0,,Other,Other,
youtube,2025-03-02T15:17:14Z,@rohintonmistry1314,"Ather is guilty of providing over the top hi fi features which at times are useless in day to day work. 
If at all they could improve the range to 200 kms than it's a different ball game. 
Gimmicks like reverse gear which is necessary in a Honda Gold wing for sure is just one example of loading the scooter with unwanted features. 
Many manufacturers are doing the same . Sad very sad.",https://www.youtube.com/watch?v=NrNSgmxT3Jw,0,,Product,Battery & Range,range
youtube,2025-02-27T18:17:25Z,@mpk-sunny,"How I wish the Suzuki Access got the features of the Ather Rizta... like the huge Under Seat Storage, Connected Features, Google Maps, TPMS, Keyless Go etc...",https://www.youtube.com/watch?v=NrNSgmxT3Jw,1,,Software,Connectivity,connect
youtube,2025-02-22T19:17:41Z,@soumyadeepmondal6130,"Been using the Rizta 3.7Kwh version for 3 months now 1500kms. Enjoying the experience so far, but there are a few complaints which are all on the software side only. So basically as you mentioned the Hill Hold is glitchy. It did not work for me most of the times.
And recently my skid control had stopped working after the January software update. I had to wait for the February update for it to fix that issue.
So software side there are some refinements that are still needed.
Using the heck out of the magic twist and coasting regen to get excellent range.
I ride to my office, a distance of 22kms and I get more than 40Km/ unit of battery efficiency most of the times because of the regen. Meaning my riding style can easily extract a range of nearly 140kms in a single charge, which is pretty impressive and I ride in the Zip mode 100% of the time.",https://www.youtube.com/watch?v=NrNSgmxT3Jw,1,,Product,Battery & Range,battery
youtube,2025-02-20T06:39:22Z,@indrajitsircar3867,I bought rizta S last week. Except for the boot space its not worth. It takes 7-8 hrs to charge. Max speed is 60km/hr. Finds it difficult to climb hills,https://www.youtube.com/watch?v=NrNSgmxT3Jw,1,,Product,Battery & Range,charge
youtube,2025-02-19T03:53:54Z,@mohittulsani,"I am confused between TVS IQube and Ather Rizta Z with Pro Pack.
Which one should I opt for?",https://www.youtube.com/watch?v=NrNSgmxT3Jw,1,,Other,Other,
youtube,2025-02-18T11:10:38Z,@Hardik_jarang,"7:15 rizta's s eco mode is not powerful from starting 700-1000km it goes up to max speed 50km/hr with slow acceleration 
Solution  -  ride starting 1000km with coasting regen on ,after 1000 km it will give great acceleration up to 70km/hr top speed 
With s eco mode you don't need to switch modes to overtake, also give more range than zip and with coasting regen braking it helps the drum brakes which is weak 
this  is one of the reason I choose ather it fits perfectly",https://www.youtube.com/watch?v=NrNSgmxT3Jw,0,,Product,Battery & Range,range
youtube,2025-02-02T15:37:33Z,@apptech6673,Which is better iqube or rizta for family scooter,https://www.youtube.com/watch?v=NrNSgmxT3Jw,0,,Other,Other,
youtube,2025-01-28T04:20:21Z,@TheFourthWinchester,"River Indie should be better than this. Wish they expanded quickly. And Ola is definitely terrible, but my friend has an S1 Pro for the last 1.2 years with zero issues and 10k kms on it and it drives so well. I will never pick an Ather because of the hard suspension. Our roads are terrible and Athers put extra strain on your back. iQube seems like the perfect compromise.",https://www.youtube.com/watch?v=NrNSgmxT3Jw,2,,Other,Other,
youtube,2025-01-20T14:43:32Z,@jestonfernandes5324,Looks like something happened with YOU and ATHER üòÇüòÖ this video is not in your style why why üòÇüòÇüòÇüòÇ,https://www.youtube.com/watch?v=NrNSgmxT3Jw,0,,Software,Connectivity,app
youtube,2025-01-12T11:45:26Z,@IamKKB1984,"I don't want subscription for features, reason why I don't like Ather.",https://www.youtube.com/watch?v=NrNSgmxT3Jw,0,,Other,Other,
youtube,2025-01-09T04:14:56Z,@muneershaik5004,"Planning to buy an EV, which one do you suggest? Ather Rizta 3.7 or River Indie?",https://www.youtube.com/watch?v=NrNSgmxT3Jw,0,,Other,Other,
youtube,2025-01-06T12:43:50Z,@anbarasumani2576,"Yes suspension is not good in Rizta ..Iqube suspension is quite good..but i bought rizta S mainly for its space üöÄ. And those who buy rizta S variant don't expect ather smart phone connect to work , its a useless crap most of the time it shows app is out of sync .",https://www.youtube.com/watch?v=NrNSgmxT3Jw,0,,Software,Connectivity,app
youtube,2025-01-06T12:27:28Z,@gnanendrag987,Payment not received from atherüòÇüòÇüòÇüòÇüòÇ???,https://www.youtube.com/watch?v=NrNSgmxT3Jw,0,,Other,Other,
youtube,2025-01-06T10:31:47Z,@technomama,I have ather rizta 3.7kwh. i love riding experience. Everything is good except ignition lock. Dashboard lag is occasional. i hate smart eco.,https://www.youtube.com/watch?v=NrNSgmxT3Jw,0,,Software,UI,dashboard
youtube,2025-01-06T05:52:13Z,@sourabhwadhwa05,"I have ather rizta mid model, i feel the skid control is the best thing in the e-scooter, also i love the stability, reliability and strength of it. Other ev scooter feels weak.",https://www.youtube.com/watch?v=NrNSgmxT3Jw,0,,Other,Other,
youtube,2025-01-06T04:50:31Z,@umangdave111,"I've always felt the taper at the rear side of the rizta bit of an eye shore. Thanks for pointing that out, glad to know that I am not the only one who feels the same.

And 20k for pro pack !!! Ather seriously? Other brands gives  all these features as standard !! i cube literally mentions it on their website üòÖ.",https://www.youtube.com/watch?v=NrNSgmxT3Jw,2,,Other,Other,
youtube,2025-01-06T04:47:55Z,@TheTwinPost,The rear end of Rizta looks like a toilet seat... rest of the scooter looks pretty decent.,https://www.youtube.com/watch?v=NrNSgmxT3Jw,0,,Other,Other,
youtube,2025-01-06T03:11:18Z,@dannyanderson2147,"I own ather rizta 3.7kw using it for more than 2m, I travel to office daily, I am in night shift so only travel on zip mode with speed of 60-70, and 70-80, as I take highway in morning to escape traffice, so with 105 range on zip mode, I consume 35% charge on city at night and on highway due to long distance 40-45% charge, and that usually leave me with 30-25% charge for total of  50-55 km. I had minor issue like charge symbol was showing whle put on charge then in few mintues the rizta automatically rebooted and it was fine, the dashboard got hanged twice on 60-70 speed, but it does not affect ride and automatically rebooted in after 10 minutes and was back to normal 

charging at home is simple as I leave it on charge and take off when going to office, it has auto cutt off so no issues. Initially you will feel the suspension is stiff, as you along, you will get used to smooth rides wont be bothered about suspension and it will not be affected.

I used to have around Rs 3000 exp for my commute, now I dont know how much I spend on charging, as I charge on my apartment plug point, need to check on it. Saving cost on perol and going to petrol bunk is a big relief",https://www.youtube.com/watch?v=NrNSgmxT3Jw,2,,Product,Battery & Range,range
youtube,2025-01-05T21:36:16Z,@naveen12,450 2025‚ù§ Rizta doesn't give the thrill and not easy to move around,https://www.youtube.com/watch?v=NrNSgmxT3Jw,0,,Other,Other,
youtube,2025-01-05T17:48:59Z,@ujwalcs,"I am owning both Ather rizta and TVS icube, i wouod definitely say Rizta is more natural to drive, perfect range depiction much better than icube",https://www.youtube.com/watch?v=NrNSgmxT3Jw,15,,Product,Battery & Range,range
youtube,2025-01-05T17:42:04Z,@PabitraPadhy,"I did a bunch of research from a user's prespecive... the design sort of grows on you.... it's not the best and not the worst.
I would suggest to get the Rizta Z 2.9, it's the best of all worlds.
But also... very very importantly... be honest with your usecase.

I have 3 riding members, me, my sister and my father.
my previous scooter was Activa 4g, reliable, cheap and shitty with mileage.
we hardly go above 40 in the city, and when we need power, we have the zip mode.
our daily mileage is hardly 40 -50 kms.
the buttons, functionality and everything else is damn simple for my father to use.
It's spacious for my mom and my sister for shopping and comfort.
it just works.

They drop it? It's all plastic body, get it replaced. Ather gets you the original parts easily.
Overally, you will spend least, than on petrol each month.
But beware there's the initial lumpsum cost involved for getting the Rizta, and unsure after pro-pack.

Also, I got the extended battery warranty for 80000 kms / 8 years, it just makes sense.",https://www.youtube.com/watch?v=NrNSgmxT3Jw,1,,Product,Battery & Range,battery
youtube,2025-01-05T16:28:21Z,@ajayzine2261,Please compare ather rizta 3.7kWh  with chetak 3501 pls pls sir,https://www.youtube.com/watch?v=NrNSgmxT3Jw,0,,Other,Other,
youtube,2025-01-05T16:08:37Z,@pranavjs,"boy the rear design honeslty feels ugly. also now ather has made  a performace comparison between 160cc bike , a scooter and ather. remember their ad, in which they showed everyone else is riding, but no other vehicles are shown ? personally i want them to make electric bikes with under tank storage for rain coat atleast",https://www.youtube.com/watch?v=NrNSgmxT3Jw,1,,Other,Other,
youtube,2025-01-05T15:48:31Z,@Rocket_T2,Why don't Ather offers basic display like Chetak 3503 ? Easily 10k can be saved which will make more affordable than ICE scooters.,https://www.youtube.com/watch?v=NrNSgmxT3Jw,0,,Software,UI,display
youtube,2025-01-05T15:33:29Z,@sakshampatel7000,so i guess no electric scooter to buy right now.üò¢ I was honestly hoping that rizta base variant would be perfect and that is still true but only on some points.,https://www.youtube.com/watch?v=NrNSgmxT3Jw,0,,Other,Other,
youtube,2025-01-05T14:54:03Z,@charanreddy2504,"I have been using the 450x gen 3 for the last 2 years and with that experience I'm writing this comment...
Pros :- super handling, fun to ride
Cons:- 
1.The seat is not so comfortable
2. The service quality is not even average its poor.
3. The service cost is soo expensive that I even paid 10k for 2 times.. for example during my 49k kms riding the belts that are used in ather worn out very quickly and i changed 3 times each costed me around 3500rs.. general service charge is 850, a very small electrical connector which costs 50rs in local electrical shop costed me around 800rs including labour charge..
4. The service time they are taking is too long.. they sold many scooters and they r having very few employees to do the service... That's the reason they are taking too much time, poor service quality...
5. Charging infrastructure is not well established and the price for fast charging is 1rs per min + gst...for example the fast charger only charges upto 80%.. the charge the scooter from 10-80% it will take somewhere around 80-90mins... So it's 90rs + gst= ~110rs... And with that 80% charge  u will get only 70-75kms..
6. The battery is degrading very quickly.. out my 50k kms i only fast charged my bike 10-15 times only and in the first 1¬Ω years the range dropped from 90kms to 65kms per full charge and under Warranty they said they repaired the battery.. now the range I'm getting is little better.
7. Service interval:- for every 5k kms we have to do the service.. and some times it will cost u 1200 and sometimes upto 10k.
8. The spare parts are way to costly. The front brake pads are 604+ gst + labour charges... each belt costs around 3-3.5k, where a normal activa belt costs around 1000 and it will last long up to 50k kms..

Conclusion:- im in confusion that Im maintaining an EV or a super bike. I think I made the wrong investment by putting my money on EV. I just want to go back to ICEüò¢",https://www.youtube.com/watch?v=NrNSgmxT3Jw,1,,Product,Battery & Range,battery
youtube,2025-01-05T14:27:47Z,@ArunKumar-fg6mk,Bro pls advise whc is best overall ather rizta or river indie?,https://www.youtube.com/watch?v=NrNSgmxT3Jw,0,,Other,Other,
youtube,2025-01-05T13:36:48Z,@hombre-pl√°tano,"Review TLDR :  scientist has never been able to achieve ""Absolute zero""  temperature yet , but somehow OLA has achieved ""Absolute Garbage"", proud moment for India.

also Rizta is also okay.",https://www.youtube.com/watch?v=NrNSgmxT3Jw,0,,Other,Other,
youtube,2025-01-05T13:29:19Z,@ullasshetty8473,I am resently buyed rizta i am full happy,https://www.youtube.com/watch?v=NrNSgmxT3Jw,0,,Software,Connectivity,app
youtube,2025-01-05T12:51:57Z,@sachingupta-hi6xw,Hi I buy ather rizta but from the day 1 i didnt get the range but ather promise what do you think ? What issus there i have 100s of screenshots for the oddo metre as i get only 50-60km range is it true range i have to accpet it ? Or what do you think,https://www.youtube.com/watch?v=NrNSgmxT3Jw,0,,Product,Battery & Range,range
youtube,2025-01-05T11:29:58Z,@vizdrom,Actually merging the scooters like at 3:09 you get the Ather 450 Rizz,https://www.youtube.com/watch?v=NrNSgmxT3Jw,1,,Other,Other,
youtube,2025-01-05T10:37:07Z,@Rupu1996,"I have been using the rizta top end model for almost 4k kms now. There are 2 serious issues I have had so far. 
1. Sometimes when I am parking the vehicle in reverse mode , the software glitches and turns off the reverse mode automatically. This happens within the span of 1 second. I almost ended up getting into the road and driving perpendicular to the traffic. 

2. There are times when the display freezes randomly. It can happen anytime and anywhere. The problem that occurs to me is I cannot change the driving modes at that time. And I am unaware of the display freeze so when I try to overtake any vehicle I shift from eco to zip mode but because I am still in eco mode I end up going parallel to the vehicle and into the incoming traffic. 

Everything else is fine but these 2 issues are a huge huge safety hazard. I contact ather and informed them multiple times , I have also had them repeatedly service it but the problem still exists. The service team from ather have been giving their best effort to fix it. I have also spoken with other rizta owners. They don't seem to noitce anything like this yet. 

(FYI : the reverse mode glitch happened twice and the display freeze glitch happened many times)",https://www.youtube.com/watch?v=NrNSgmxT3Jw,11,,Software,Connectivity,app
youtube,2025-01-05T10:35:02Z,@mackisbrocklesnar,"Confused between Rizta and Indie to such an extent, i might end up buying both.",https://www.youtube.com/watch?v=NrNSgmxT3Jw,2,,Other,Other,
youtube,2025-01-05T08:31:35Z,@Sreejith.Thekkummuri,The rizta rear design...! U want to say what exactly it looks like...but you..jus polished n said....üòÖüòÇüòÇ,https://www.youtube.com/watch?v=NrNSgmxT3Jw,1,,Other,Other,
youtube,2025-01-05T07:57:38Z,@johnkodamala6149,The coasting regeneration is almost non existent below 18% on both 450 and rizta,https://www.youtube.com/watch?v=NrNSgmxT3Jw,0,,Other,Other,
youtube,2025-01-05T07:47:06Z,@aweeb634,Ye rizta kya kehlata hai,https://www.youtube.com/watch?v=NrNSgmxT3Jw,1,,Other,Other,
youtube,2025-01-05T07:42:48Z,@acntforyt9803,"Outdated information on day 0, You didn‚Äôt  compare Vida v1, which at 30k less on road than (considering s/w add-ons) does all things ather does in ‚Äúgood enough way‚Äù with the same range. And last I checked Indian audience specifically in tier 2+ value bang for buck more than anything.  Plus you don‚Äôt take into account account new redesigned Chetak with huge boot, or Vida v2 with improvements and both beating rizta by 20-30k on road with same specs and s/w gizmos.",https://www.youtube.com/watch?v=NrNSgmxT3Jw,0,,Product,Battery & Range,range
youtube,2025-01-05T07:15:50Z,@prabhuart1625,Absolutely true rizta s is very good,https://www.youtube.com/watch?v=NrNSgmxT3Jw,0,,Other,Other,
youtube,2025-01-05T06:56:25Z,@maanooj,Ritza vs inde plz,https://www.youtube.com/watch?v=NrNSgmxT3Jw,0,,Other,Other,
youtube,2025-01-05T06:13:31Z,@ashok_ign5623,Motor sound is very annoying and build quality is poor its not Ather Quality.,https://www.youtube.com/watch?v=NrNSgmxT3Jw,1,,Product,Performance & Power,motor
youtube,2025-01-05T05:48:42Z,@amanguptadestructor007,Woukd love to see a poll between rizta z and river indie,https://www.youtube.com/watch?v=NrNSgmxT3Jw,0,,Other,Other,
youtube,2025-01-05T05:45:13Z,@ameyaspadhye,"I bought Rizta Z (2.9 kWh) for my retired parents and they love it. Reduced performance was a positive thing for a couple who've crossed 60 yrs of age. Didn't get Pro pack bcz they wouldn't use those features anyway. They love the big boot for their weekend sabzi mandi trips. They live in tier 3 city, so with 100km range, they have to charge the scooter only once in 10 days. This was the first time we got EV, so they were a bit skeptical. But they are thoroughly enjoying their ride so I'm happy with the purchase. I heard few bad reviews about Ola sometimes getting burnt. With Ather, I've that peace of mind, especially since this purchase was for my parents.",https://www.youtube.com/watch?v=NrNSgmxT3Jw,40,,Product,Battery & Range,range
youtube,2025-01-05T05:26:30Z,@creativehouse6663,"Such a costly electric scooter with no resale value, i own hero vida and that made me realise that ev has several cons. These electric vehicle made for short distance, long charging time and the price point is having a long gap. Giving no hints to consider this scooter 

I also want to buy rizta but looking at price and then you cannot exchange electric vehicle with electric, it also says of the volume. Maximum scooter running that is of ICE",https://www.youtube.com/watch?v=NrNSgmxT3Jw,1,,Product,Battery & Range,charging
youtube,2025-01-05T05:10:59Z,@Kise_ryouta7,I've owned a Rizta Z 2.9 for about 3 months now and I absolutely love this machine. The driving experience is so sophisticated which makes the ICE Scooters feel archaic. Most of the features that you're getting are useful and will make your life a bit easier in the city; some of them are pure gimmicks and you'll figure it out pretty soon. Smart Eco feels pretty dull sometimes even for the city roads as Shumi mentioned but that's the mode you'll have to be in to extract the best range. Zip mode is seriously fun but takes a toll on your range...anywhere from 12-15 kms. Ride comfort & suspension is good enough for it's intended city use & yes you'll feel the bumps on bad roads. Overall I'm really happy with the purchase and Ather's service has been amazing at addressing small niggles I've had till now.,https://www.youtube.com/watch?v=NrNSgmxT3Jw,46,,Product,Battery & Range,range
youtube,2025-01-05T04:54:11Z,@st-yn9vh,"I own the rizta for past 5 months, found some tricks to extract a bit more range, that i feel help. I maintain tyre pressure to 33 in both tyres, use mix of smart eco and zip mode, i turned off the coasting regen, and use magic twist most of the times. 
Coasting regen i don't know why but it creates resistance while accelerating and that resistance don't allow this scooter to accelerate smoothly.",https://www.youtube.com/watch?v=NrNSgmxT3Jw,56,,Product,Battery & Range,range
youtube,2025-01-05T04:42:22Z,@jaswanths4326,Ather got inspired from Parryware for the rear design. Its well known great ideas originate from there.,https://www.youtube.com/watch?v=NrNSgmxT3Jw,30,,Other,Other,
youtube,2025-01-05T04:17:44Z,@ankn01,"So I took this rizta for a test ride and in under 2 seconds I found that seat height is good but the handle bars are so low that its riding triangle is the worst ever. I had so much strain in my shoulders that I immediately stopped the test ride and yes no youtuber will tell you that period.

That bleak looking 450x was so much better than this rizta. So skip this scooter for sure and buy 450x.",https://www.youtube.com/watch?v=NrNSgmxT3Jw,1,,Other,Other,
youtube,2025-01-05T04:16:12Z,@VarunV-zn4hx,When would the new chetak 3501  be reviewed?   Im planning on purchasing an EV scooter and am torn between Rizta 3.7 z and the new chetak.   Leaning towards the chetak but would need a full review of it,https://www.youtube.com/watch?v=NrNSgmxT3Jw,14,,Other,Other,
youtube,2025-01-05T04:12:47Z,@naveenkumardm871,"People are commenting like, Ather & rizta as toy scooters, if they know what is R&D they won't comment like this...",https://www.youtube.com/watch?v=NrNSgmxT3Jw,1,,Other,Other,
youtube,2025-01-04T18:06:52Z,@projectM812,It is truly both an odd Ather and family scooter.,https://www.youtube.com/watch?v=NrNSgmxT3Jw,0,,Other,Other,
youtube,2025-01-04T12:16:11Z,@rjv_mntn,"I ride a Ather 450x and a friend living in Bangalore reached out to me asking which one to pick between the Ather Rizta and River Indie. 

I was really hoping this video would have given an answer. I didn't ride either, but River Indie looks promising. 

Asked him to test ride both and shared the First Impressions videos of both these. 

Any quick thoughts on what works better for an average family user? Commute is short. ~20KM.",https://www.youtube.com/watch?v=NrNSgmxT3Jw,1,,Other,Other,
youtube,2025-01-04T05:35:11Z,@AshishRajArorafromKolkataIndia,"Based on your review the only people I see buying it is Brand loyalists or brand seekers... No doubt ather created a solid brand with the 450, now it's milking the brand for all it's worth with the Rizta... As I see it Rizta isn't worth buying and is a pure high margin play for ather with the cheap build quality and low attention to design.",https://www.youtube.com/watch?v=NrNSgmxT3Jw,9,,Product,Build Quality,build
youtube,2024-06-18T05:38:50Z,@acntforyt9803,"MISLEADING Don't buy Rizta:
Ather Paywalls safety and fundamental functionality in pro pack:

Safety features that are ""optional and paid"": 
SkidControl TM 
AutoHoldTM
Auto Indicator Cut-off
Emergency Stop Signal
FallSafeTM
Find My Scooter
Tow & Theft Notifications

Fundamental ""optional & paid features"":
SmartEcoTM Mode
Dashboard - Auto Brightness
Real-time Charge Status

This is such a anti-consumer business strategy, especially for ""Family scooter"", you don't make safety features optional and paid in family bike. And if you do then better everyone should only talk about scooter price with propack included always. Rizta without propack is tier 3 chinese whitelabled entry level scooter at best, even if I buy 1.45L ex-showroom worth of top variant I have to shell 20k more on the safety and fundamental features. 
Now 1.72L for a family scooter? No wonder why Activa & Jupiters are still selling, no wonder why my F77 suddenly doesn't sound that expensive comparatively, for ammount of bike I'm getting. Such a sad state of affairs.",https://www.youtube.com/watch?v=8SKUJ77axgU,1,,Product,Battery & Range,charge
youtube,2024-06-17T01:21:56Z,@amoghaj9367,Athers biggest problem is range. I own Ather 450x since last 2 yrs. it hardly gives 80 kms in city with a pillion rider. Whereas completion gives up to 140 kms,https://www.youtube.com/watch?v=8SKUJ77axgU,1,,Product,Battery & Range,range
youtube,2024-05-31T01:35:08Z,@chaitanyamondi6754,Please do a comparison between rizta and ampere nexus,https://www.youtube.com/watch?v=8SKUJ77axgU,0,,Other,Other,
youtube,2024-05-24T08:42:11Z,@cruze86,A proper comparison between Rizta and i-Qube should be done. üëçüèª,https://www.youtube.com/watch?v=8SKUJ77axgU,14,,Other,Other,
youtube,2024-05-24T06:48:49Z,@TheLazyWandererMys,"I am more interested in knowing how this stacks up against the iQube. To me personally, the 450 was the choice for a fun scooter and the iQube was the practical no-brainer. Funny thing is both Ather and TVS have had good reputation of making reliable electric scooter, there could be one-off case where there could have been an issue. But they have largely remained niggle free. My main concern was when you said 'it struggled to climb some incline'. What mode was this on? I am asking cuz you were talking about Smart-Eco mode just before that. Its funny how electric scooters have high torque and from get-go and still struggle in these scenarios, a fossil fueled scooter even with less torque wouldn't face the issue.
May be you should do a compare (again?)  between petrol vs electric scooter in everyday scenarios, you know two adults plus one kid (or two in many scenarios). I know it can legally only carry two, but reality is far from that no?
On a side note: I like the Samurai Jack T-shirt :D",https://www.youtube.com/watch?v=8SKUJ77axgU,11,,Product,Performance & Power,torque
